{
  "$schema": "https://turbo.build/schema.json",
  "globalDependencies": [".env"],
  "pipeline": {
    "build": {
      "dependsOn": ["^build"],
      "outputs": ["dist/**", ".next/**", "build/**"]
    },
    "dev": {
      "cache": false,
      "persistent": true
    },
    "test": {
      "dependsOn": ["^build"],
      "outputs": ["coverage/**"]
    },
    "test:watch": {
      "cache": false,
      "persistent": true
    },
    "lint": {
      "outputs": []
    },
    "db:migrate": {
      "cache": false
    },
    "db:seed": {
      "cache": false
    },
    "typecheck": {
      "dependsOn": ["^build"],
      "outputs": []
    },
    "clean": {
      "cache": false
    }
  }
}
